{
    "node-count": 3774768,
    "edge-count": 15642211,
    "isolate-count": 0,
    "num-connected-components": 1,
    "max-connected-components": 3774768,
    "min-degree": 6,
    "max-degree": 509,
    "mean-degree": 8.287773447268812,
    "median-degree": 7.0,
    "num-clusters": 77479,
    "min-cluster-size": 30,
    "max-cluster-size": 407,
    "mean-cluster-size": 48.71988538829876,
    "median-cluster-size": 52.0,
    "num-singletons": 0,
    "num-non-singletons": 77479,
    "modularity-score": 0.7252959114802437,
    "node-coverage": 1.0,
    "mixing-parameter": 0.2741525500483979,
    "tau1": 4.024207020255874,
    "xmin1": 18.0,
    "tau2": 4.673049480817559,
    "xmin2": 100.0,
    "tau1-fixed": 3.935124315808621,
    "xmin1-fixed": 6.0,
    "tau2-fixed": 3.09988476650418,
    "xmin2-fixed": 30.0
}