{
    "node-count": 3774768,
    "edge-count": 15643333,
    "isolate-count": 0,
    "num-connected-components": 1,
    "max-connected-components": 3774768,
    "min-degree": 5,
    "max-degree": 509,
    "mean-degree": 8.288367920889442,
    "median-degree": 7.0,
    "num-clusters": 394851,
    "min-cluster-size": 1,
    "max-cluster-size": 72,
    "mean-cluster-size": 9.559980853537157,
    "median-cluster-size": 9.0,
    "num-singletons": 117,
    "num-non-singletons": 394734,
    "modularity-score": 0.4726053884221521,
    "node-coverage": 0.9999690047176409,
    "mixing-parameter": 0.5253661660901732,
    "tau1": 4.009511465756258,
    "xmin1": 13.0,
    "tau2": 5.470195399252165,
    "xmin2": 11.0,
    "tau1-fixed": 2.847272614538708,
    "xmin1-fixed": 5.0,
    "tau2-fixed": 1.3454109487271695,
    "xmin2-fixed": 1.0
}