{
    "node-count": 3774768,
    "edge-count": 15640109,
    "isolate-count": 0,
    "num-connected-components": 1,
    "max-connected-components": 3774768,
    "min-degree": 4,
    "max-degree": 509,
    "mean-degree": 8.286659736439432,
    "median-degree": 7.0,
    "num-clusters": 196664,
    "min-cluster-size": 5,
    "max-cluster-size": 290,
    "mean-cluster-size": 19.193995850791197,
    "median-cluster-size": 15.0,
    "num-singletons": 0,
    "num-non-singletons": 196664,
    "modularity-score": 0.6112625873699471,
    "node-coverage": 1.0,
    "mixing-parameter": 0.3853134663561023,
    "tau1": 4.00028933915555,
    "xmin1": 14.0,
    "tau2": 2.6808830417517067,
    "xmin2": 21.0,
    "tau1-fixed": 2.262633186031268,
    "xmin1-fixed": 4.0,
    "tau2-fixed": 1.7760029102904695,
    "xmin2-fixed": 5.0
}