{
    "node-count": 100000,
    "edge-count": 600052,
    "isolate-count": 0,
    "num-connected-components": 1,
    "max-connected-components": 100000,
    "min-degree": 5,
    "max-degree": 1034,
    "mean-degree": 12.00104,
    "median-degree": 10.0,
    "num-clusters": 1000,
    "min-cluster-size": 10,
    "max-cluster-size": 1012,
    "mean-cluster-size": 100.0,
    "median-cluster-size": 29.5,
    "num-singletons": 0,
    "num-non-singletons": 1000,
    "modularity-score": 0.23309181880618404,
    "node-coverage": 1.0,
    "mixing-parameter": 0.7900785112607128,
    "tau1": 3.155581656634811,
    "xmin1": 28.0,
    "tau2": 1.6785751773574313,
    "xmin2": 10.0,
    "tau1-fixed": 2.193233962677914,
    "xmin1-fixed": 5.0,
    "tau2-fixed": 1.6785751773574313,
    "xmin2-fixed": 10.0
}