{
    "node-count": 3000000,
    "edge-count": 54801081,
    "isolate-count": 0,
    "num-connected-components": 1,
    "max-connected-components": 3000000,
    "min-degree": 19,
    "max-degree": 999,
    "mean-degree": 36.534054,
    "median-degree": 26.0,
    "num-clusters": 83094,
    "min-cluster-size": 28,
    "max-cluster-size": 814,
    "mean-cluster-size": 36.10368979709726,
    "median-cluster-size": 32.0,
    "num-singletons": 0,
    "num-non-singletons": 83094,
    "modularity-score": 0.3945517605327635,
    "node-coverage": 1.0,
    "mixing-parameter": 0.6025611581570285,
    "tau1": 2.9831459293389826,
    "xmin1": 19.0,
    "tau2": 5.195527067236403,
    "xmin2": 33.0,
    "tau1-fixed": 2.9831459293389826,
    "xmin1-fixed": 19.0,
    "tau2-fixed": 5.193255529673447,
    "xmin2-fixed": 28.0
}