{
    "node-count": 1000,
    "edge-count": 5840,
    "isolate-count": 0,
    "num-connected-components": 1,
    "max-connected-components": 1000,
    "min-degree": 5,
    "max-degree": 104,
    "mean-degree": 11.68,
    "median-degree": 10.0,
    "num-clusters": 32,
    "min-cluster-size": 10,
    "max-cluster-size": 101,
    "mean-cluster-size": 31.25,
    "median-cluster-size": 21.0,
    "num-singletons": 0,
    "num-non-singletons": 32,
    "modularity-score": 0.1811746604663164,
    "node-coverage": 1.0,
    "mixing-parameter": 0.7845796455328657,
    "tau1": 3.4171917216680616,
    "xmin1": 17.0,
    "tau2": 2.3213367722433595,
    "xmin2": 13.0,
    "tau1-fixed": 2.213093391535045,
    "xmin1-fixed": 5.0,
    "tau2-fixed": 2.0547949225907063,
    "xmin2-fixed": 10.0
}