{
    "node-count": 3000000,
    "edge-count": 20743710,
    "isolate-count": 0,
    "num-connected-components": 1,
    "max-connected-components": 3000000,
    "min-degree": 5,
    "max-degree": 998,
    "mean-degree": 13.82914,
    "median-degree": 8.0,
    "num-clusters": 663959,
    "min-cluster-size": 2,
    "max-cluster-size": 245,
    "mean-cluster-size": 4.518351283738905,
    "median-cluster-size": 4.0,
    "num-singletons": 0,
    "num-non-singletons": 663959,
    "modularity-score": 0.11471453000594714,
    "node-coverage": 1.0,
    "mixing-parameter": 0.8375480460156242,
    "tau1": 2.6219093332825616,
    "xmin1": 9.0,
    "tau2": 2.2006989553941705,
    "xmin2": 16.0,
    "tau1-fixed": 2.213447492844751,
    "xmin1-fixed": 5.0,
    "tau2-fixed": 1.9205564417705498,
    "xmin2-fixed": 2.0
}