{
    "node-count": 3000000,
    "edge-count": 55128496,
    "isolate-count": 0,
    "num-connected-components": 1,
    "max-connected-components": 3000000,
    "min-degree": 18,
    "max-degree": 999,
    "mean-degree": 36.752330666666666,
    "median-degree": 26.0,
    "num-clusters": 2654,
    "min-cluster-size": 520,
    "max-cluster-size": 2975,
    "mean-cluster-size": 1130.3692539562924,
    "median-cluster-size": 1021.0,
    "num-singletons": 0,
    "num-non-singletons": 2654,
    "modularity-score": 0.8728694393944899,
    "node-coverage": 1.0,
    "mixing-parameter": 0.12606545336359506,
    "tau1": 2.9778199122027047,
    "xmin1": 19.0,
    "tau2": 4.7522946791817215,
    "xmin2": 909.0,
    "tau1-fixed": 2.7819879689878886,
    "xmin1-fixed": 18.0,
    "tau2-fixed": 2.3559913394293885,
    "xmin2-fixed": 520.0
}