{
    "node-count": 34546,
    "edge-count": 431138,
    "isolate-count": 0,
    "num-connected-components": 1,
    "max-connected-components": 34546,
    "min-degree": 16,
    "max-degree": 717,
    "mean-degree": 24.9602269437851,
    "median-degree": 20.0,
    "num-clusters": 112,
    "min-cluster-size": 23,
    "max-cluster-size": 2772,
    "mean-cluster-size": 308.44642857142856,
    "median-cluster-size": 82.0,
    "num-singletons": 0,
    "num-non-singletons": 112,
    "modularity-score": 0.7454873830744732,
    "node-coverage": 1.0,
    "mixing-parameter": 0.21853698816695788,
    "tau1": 3.6317423088779086,
    "xmin1": 18.0,
    "tau2": 1.7311461586077879,
    "xmin2": 39.0,
    "tau1-fixed": 3.644010183326232,
    "xmin1-fixed": 16.0,
    "tau2-fixed": 1.5737646402003467,
    "xmin2-fixed": 23.0
}