{
    "node-count": 3000000,
    "edge-count": 20817560,
    "isolate-count": 0,
    "num-connected-components": 1,
    "max-connected-components": 3000000,
    "min-degree": 5,
    "max-degree": 998,
    "mean-degree": 13.878373333333334,
    "median-degree": 8.0,
    "num-clusters": 12022,
    "min-cluster-size": 97,
    "max-cluster-size": 1054,
    "mean-cluster-size": 249.5425054067543,
    "median-cluster-size": 237.0,
    "num-singletons": 0,
    "num-non-singletons": 12022,
    "modularity-score": 0.6052206300447802,
    "node-coverage": 1.0,
    "mixing-parameter": 0.39168265374991607,
    "tau1": 2.620177701875604,
    "xmin1": 10.0,
    "tau2": 4.324757617432642,
    "xmin2": 293.0,
    "tau1-fixed": 2.2151666289028107,
    "xmin1-fixed": 5.0,
    "tau2-fixed": 2.148155735318737,
    "xmin2-fixed": 97.0
}