{
    "node-count": 1871,
    "edge-count": 5244,
    "isolate-count": 0,
    "num-connected-components": 28,
    "max-connected-components": 1795,
    "min-degree": 1,
    "max-degree": 100,
    "mean-degree": 5.60555852485302,
    "median-degree": 5.0,
    "num-clusters": 885,
    "min-cluster-size": 1,
    "max-cluster-size": 96,
    "mean-cluster-size": 2.1141242937853106,
    "median-cluster-size": 1.0,
    "num-singletons": 871,
    "num-non-singletons": 14,
    "modularity-score": 0.6397420851028177,
    "node-coverage": 0.5344735435595938,
    "mixing-parameter": 0.5426268667371186,
    "tau1": 3.638091147557887,
    "xmin1": 8.0,
    "tau2": 2.3153908871854534,
    "xmin2": 1.0,
    "tau1-fixed": 1.4786653096113502,
    "xmin1-fixed": 1.0,
    "tau2-fixed": 2.3153908871854534,
    "xmin2-fixed": 1.0
}