{
    "node-count": 3000000,
    "edge-count": 20554876,
    "isolate-count": 0,
    "num-connected-components": 1,
    "max-connected-components": 3000000,
    "min-degree": 5,
    "max-degree": 998,
    "mean-degree": 13.703250666666667,
    "median-degree": 8.0,
    "num-clusters": 99113,
    "min-cluster-size": 4,
    "max-cluster-size": 442,
    "mean-cluster-size": 30.26848143028664,
    "median-cluster-size": 28.0,
    "num-singletons": 0,
    "num-non-singletons": 99113,
    "modularity-score": 0.3393022288598104,
    "node-coverage": 1.0,
    "mixing-parameter": 0.6547136276922172,
    "tau1": 2.6157360350991965,
    "xmin1": 7.0,
    "tau2": 5.584858832666042,
    "xmin2": 29.0,
    "tau1-fixed": 2.216719660115024,
    "xmin1-fixed": 5.0,
    "tau2-fixed": 1.4709541389218068,
    "xmin2-fixed": 4.0
}