{
    "node-count": 1791489,
    "edge-count": 24504754,
    "isolate-count": 0,
    "num-connected-components": 1,
    "max-connected-components": 1791489,
    "min-degree": 9,
    "max-degree": 999,
    "mean-degree": 27.356856782263247,
    "median-degree": 15.0,
    "num-clusters": 3518,
    "min-cluster-size": 81,
    "max-cluster-size": 4890,
    "mean-cluster-size": 509.2350767481524,
    "median-cluster-size": 263.5,
    "num-singletons": 0,
    "num-non-singletons": 3518,
    "modularity-score": 0.6204287878936762,
    "node-coverage": 1.0,
    "mixing-parameter": 0.3781341518075733,
    "tau1": 2.4403372660189637,
    "xmin1": 10.0,
    "tau2": 2.2049855584835845,
    "xmin2": 279.0,
    "tau1-fixed": 2.241455990806472,
    "xmin1-fixed": 9.0,
    "tau2-fixed": 1.7143793759394774,
    "xmin2-fixed": 81.0
}