{
    "node-count": 3774768,
    "edge-count": 15640593,
    "isolate-count": 0,
    "num-connected-components": 1,
    "max-connected-components": 3774768,
    "min-degree": 5,
    "max-degree": 509,
    "mean-degree": 8.286916176040489,
    "median-degree": 7.0,
    "num-clusters": 20587,
    "min-cluster-size": 99,
    "max-cluster-size": 3388,
    "mean-cluster-size": 183.35687569825618,
    "median-cluster-size": 177.0,
    "num-singletons": 0,
    "num-non-singletons": 20587,
    "modularity-score": 0.8099750058257393,
    "node-coverage": 1.0,
    "mixing-parameter": 0.18706375053455193,
    "tau1": 4.000305218951768,
    "xmin1": 14.0,
    "tau2": 3.071667913519536,
    "xmin2": 361.0,
    "tau1-fixed": 2.84944222783726,
    "xmin1-fixed": 5.0,
    "tau2-fixed": 2.761190301161906,
    "xmin2-fixed": 99.0
}