{
    "node-count": 3000000,
    "edge-count": 55134095,
    "isolate-count": 0,
    "num-connected-components": 1,
    "max-connected-components": 3000000,
    "min-degree": 19,
    "max-degree": 999,
    "mean-degree": 36.75606333333333,
    "median-degree": 26.0,
    "num-clusters": 6270,
    "min-cluster-size": 155,
    "max-cluster-size": 170486,
    "mean-cluster-size": 478.4688995215311,
    "median-cluster-size": 397.0,
    "num-singletons": 0,
    "num-non-singletons": 6270,
    "modularity-score": 0.5693474929239537,
    "node-coverage": 1.0,
    "mixing-parameter": 0.3961156837251475,
    "tau1": 2.9778782402168993,
    "xmin1": 19.0,
    "tau2": 4.677165070092072,
    "xmin2": 340.0,
    "tau1-fixed": 2.9778782402168993,
    "xmin1-fixed": 19.0,
    "tau2-fixed": 1.9741471308955028,
    "xmin2-fixed": 155.0
}