{
    "node-count": 1000,
    "edge-count": 5830,
    "isolate-count": 0,
    "num-connected-components": 1,
    "max-connected-components": 1000,
    "min-degree": 5,
    "max-degree": 103,
    "mean-degree": 11.66,
    "median-degree": 10.0,
    "num-clusters": 32,
    "min-cluster-size": 10,
    "max-cluster-size": 101,
    "mean-cluster-size": 31.25,
    "median-cluster-size": 21.0,
    "num-singletons": 0,
    "num-non-singletons": 32,
    "modularity-score": 0.40364064444568676,
    "node-coverage": 1.0,
    "mixing-parameter": 0.557098900960003,
    "tau1": 3.375467158073616,
    "xmin1": 16.0,
    "tau2": 2.3213367722433595,
    "xmin2": 13.0,
    "tau1-fixed": 2.2099762675741137,
    "xmin1-fixed": 5.0,
    "tau2-fixed": 2.0547949225907063,
    "xmin2-fixed": 10.0
}