{
    "node-count": 3000000,
    "edge-count": 20821520,
    "isolate-count": 0,
    "num-connected-components": 1,
    "max-connected-components": 3000000,
    "min-degree": 6,
    "max-degree": 998,
    "mean-degree": 13.881013333333334,
    "median-degree": 8.0,
    "num-clusters": 1683997,
    "min-cluster-size": 1,
    "max-cluster-size": 3,
    "mean-cluster-size": 1.7814758577360885,
    "median-cluster-size": 2.0,
    "num-singletons": 368344,
    "num-non-singletons": 1315653,
    "modularity-score": 0.06321904679634045,
    "node-coverage": 0.8772186666666667,
    "mixing-parameter": 0.905539104508348,
    "tau1": 2.6203068984363513,
    "xmin1": 10.0,
    "tau2": 4.47475665472989,
    "xmin2": 2.0,
    "tau1-fixed": 2.6067487269685525,
    "xmin1-fixed": 6.0,
    "tau2-fixed": 1.8098705883680652,
    "xmin2-fixed": 1.0
}