{
    "node-count": 2000,
    "edge-count": 29109,
    "isolate-count": 0,
    "num-connected-components": 1,
    "max-connected-components": 2000,
    "min-degree": 4,
    "max-degree": 100,
    "mean-degree": 29.109,
    "median-degree": 34.5,
    "num-clusters": 1014,
    "min-cluster-size": 1,
    "max-cluster-size": 96,
    "mean-cluster-size": 1.9723865877712032,
    "median-cluster-size": 1.0,
    "num-singletons": 1000,
    "num-non-singletons": 14,
    "modularity-score": 0.12220153214904908,
    "node-coverage": 0.5,
    "mixing-parameter": 0.5721274338325745,
    "tau1": 8.428144223500079,
    "xmin1": 47.0,
    "tau2": 2.3303249344562977,
    "xmin2": 1.0,
    "tau1-fixed": 1.5881524888266374,
    "xmin1-fixed": 4.0,
    "tau2-fixed": 2.3303249344562977,
    "xmin2-fixed": 1.0
}