{
    "node-count": 34546,
    "edge-count": 431138,
    "isolate-count": 0,
    "num-connected-components": 1,
    "max-connected-components": 34546,
    "min-degree": 16,
    "max-degree": 717,
    "mean-degree": 24.9602269437851,
    "median-degree": 20.0,
    "num-clusters": 59,
    "min-cluster-size": 84,
    "max-cluster-size": 3258,
    "mean-cluster-size": 585.5254237288135,
    "median-cluster-size": 468.0,
    "num-singletons": 0,
    "num-non-singletons": 59,
    "modularity-score": 0.8805172612206199,
    "node-coverage": 1.0,
    "mixing-parameter": 0.07694891767704957,
    "tau1": 3.6317423088779086,
    "xmin1": 18.0,
    "tau2": 3.0550600942483315,
    "xmin2": 449.0,
    "tau1-fixed": 3.644010183326232,
    "xmin1-fixed": 16.0,
    "tau2-fixed": 1.5925670893213881,
    "xmin2-fixed": 84.0
}