{
    "node-count": 1791489,
    "edge-count": 24346081,
    "isolate-count": 0,
    "num-connected-components": 1,
    "max-connected-components": 1791489,
    "min-degree": 8,
    "max-degree": 999,
    "mean-degree": 27.179715867638595,
    "median-degree": 15.0,
    "num-clusters": 235415,
    "min-cluster-size": 1,
    "max-cluster-size": 295,
    "mean-cluster-size": 7.6099186542913575,
    "median-cluster-size": 6.0,
    "num-singletons": 219,
    "num-non-singletons": 235196,
    "modularity-score": 0.19702160584458164,
    "node-coverage": 0.9998777553197368,
    "mixing-parameter": 0.7974349309043335,
    "tau1": 2.4451229768994898,
    "xmin1": 10.0,
    "tau2": 3.6525592030439853,
    "xmin2": 8.0,
    "tau1-fixed": 2.0772123492195145,
    "xmin1-fixed": 8.0,
    "tau2-fixed": 1.3837261280052005,
    "xmin2-fixed": 1.0
}