{
    "node-count": 1000,
    "edge-count": 5708,
    "isolate-count": 0,
    "num-connected-components": 1,
    "max-connected-components": 1000,
    "min-degree": 5,
    "max-degree": 102,
    "mean-degree": 11.416,
    "median-degree": 9.0,
    "num-clusters": 32,
    "min-cluster-size": 10,
    "max-cluster-size": 101,
    "mean-cluster-size": 31.25,
    "median-cluster-size": 21.0,
    "num-singletons": 0,
    "num-non-singletons": 32,
    "modularity-score": 0.7561898918347676,
    "node-coverage": 1.0,
    "mixing-parameter": 0.19490703174982918,
    "tau1": 3.5287848694941775,
    "xmin1": 10.0,
    "tau2": 2.3213367722433595,
    "xmin2": 13.0,
    "tau1-fixed": 2.2381966624621956,
    "xmin1-fixed": 5.0,
    "tau2-fixed": 2.0547949225907063,
    "xmin2-fixed": 10.0
}