{
    "node-count": 3000000,
    "edge-count": 55067530,
    "isolate-count": 0,
    "num-connected-components": 1,
    "max-connected-components": 3000000,
    "min-degree": 19,
    "max-degree": 999,
    "mean-degree": 36.711686666666665,
    "median-degree": 26.0,
    "num-clusters": 30115,
    "min-cluster-size": 36,
    "max-cluster-size": 24580,
    "mean-cluster-size": 99.61813049975096,
    "median-cluster-size": 98.0,
    "num-singletons": 0,
    "num-non-singletons": 30115,
    "modularity-score": 0.4994015815969584,
    "node-coverage": 1.0,
    "mixing-parameter": 0.4966980769809706,
    "tau1": 2.9799198034776215,
    "xmin1": 19.0,
    "tau2": 7.794810925201406,
    "xmin2": 112.0,
    "tau1-fixed": 2.9799198034776215,
    "xmin1-fixed": 19.0,
    "tau2-fixed": 2.01411968598582,
    "xmin2-fixed": 36.0
}