{
    "node-count": 1000,
    "edge-count": 5725,
    "isolate-count": 0,
    "num-connected-components": 1,
    "max-connected-components": 1000,
    "min-degree": 5,
    "max-degree": 105,
    "mean-degree": 11.45,
    "median-degree": 9.0,
    "num-clusters": 32,
    "min-cluster-size": 10,
    "max-cluster-size": 101,
    "mean-cluster-size": 31.25,
    "median-cluster-size": 21.0,
    "num-singletons": 0,
    "num-non-singletons": 32,
    "modularity-score": 0.6638665319120536,
    "node-coverage": 1.0,
    "mixing-parameter": 0.28273276288703586,
    "tau1": 3.5586553871275735,
    "xmin1": 10.0,
    "tau2": 2.3213367722433595,
    "xmin2": 13.0,
    "tau1-fixed": 2.2362050671429246,
    "xmin1-fixed": 5.0,
    "tau2-fixed": 2.0547949225907063,
    "xmin2-fixed": 10.0
}