{
    "node-count": 3774768,
    "edge-count": 15606781,
    "isolate-count": 0,
    "num-connected-components": 1,
    "max-connected-components": 3774768,
    "min-degree": 3,
    "max-degree": 509,
    "mean-degree": 8.269001432670828,
    "median-degree": 7.0,
    "num-clusters": 2017636,
    "min-cluster-size": 1,
    "max-cluster-size": 11,
    "mean-cluster-size": 1.870886522643331,
    "median-cluster-size": 2.0,
    "num-singletons": 342928,
    "num-non-singletons": 1674708,
    "modularity-score": 0.1179814062588215,
    "node-coverage": 0.9091525624886085,
    "mixing-parameter": 0.8707674931959747,
    "tau1": 4.004279477342951,
    "xmin1": 13.0,
    "tau2": 6.743817812071902,
    "xmin2": 8.0,
    "tau1-fixed": 1.887376705159035,
    "xmin1-fixed": 3.0,
    "tau2-fixed": 1.7783357884931537,
    "xmin2-fixed": 1.0
}