{
    "node-count": 1791489,
    "edge-count": 24504163,
    "isolate-count": 0,
    "num-connected-components": 1,
    "max-connected-components": 1791489,
    "min-degree": 9,
    "max-degree": 999,
    "mean-degree": 27.356196995906757,
    "median-degree": 15.0,
    "num-clusters": 16121,
    "min-cluster-size": 29,
    "max-cluster-size": 4002,
    "mean-cluster-size": 111.12765957446808,
    "median-cluster-size": 45.0,
    "num-singletons": 0,
    "num-non-singletons": 16121,
    "modularity-score": 0.4547218635689605,
    "node-coverage": 1.0,
    "mixing-parameter": 0.5445097631713322,
    "tau1": 2.4402564707333654,
    "xmin1": 10.0,
    "tau2": 2.066671716332106,
    "xmin2": 86.0,
    "tau1-fixed": 2.2415382574468774,
    "xmin1-fixed": 9.0,
    "tau2-fixed": 2.2892513121045823,
    "xmin2-fixed": 29.0
}