{
    "node-count": 34546,
    "edge-count": 431138,
    "isolate-count": 0,
    "num-connected-components": 1,
    "max-connected-components": 34546,
    "min-degree": 16,
    "max-degree": 717,
    "mean-degree": 24.9602269437851,
    "median-degree": 20.0,
    "num-clusters": 17653,
    "min-cluster-size": 1,
    "max-cluster-size": 5,
    "mean-cluster-size": 1.9569478275647199,
    "median-cluster-size": 2.0,
    "num-singletons": 1627,
    "num-non-singletons": 16026,
    "modularity-score": 0.04119558734440095,
    "node-coverage": 0.9529033752098651,
    "mixing-parameter": 0.9530416258154241,
    "tau1": 3.6317423088779086,
    "xmin1": 18.0,
    "tau2": 6.554949680846256,
    "xmin2": 4.0,
    "tau1-fixed": 3.644010183326232,
    "xmin1-fixed": 16.0,
    "tau2-fixed": 1.7453294906505827,
    "xmin2-fixed": 1.0
}