{
    "node-count": 1791489,
    "edge-count": 23581074,
    "isolate-count": 0,
    "num-connected-components": 1,
    "max-connected-components": 1791489,
    "min-degree": 10,
    "max-degree": 999,
    "mean-degree": 26.325669875729073,
    "median-degree": 15.0,
    "num-clusters": 1438,
    "min-cluster-size": 455,
    "max-cluster-size": 2705,
    "mean-cluster-size": 1245.8198887343533,
    "median-cluster-size": 1150.0,
    "num-singletons": 0,
    "num-non-singletons": 1438,
    "modularity-score": 0.7955928220051174,
    "node-coverage": 1.0,
    "mixing-parameter": 0.19639453921359185,
    "tau1": 2.4542141649924716,
    "xmin1": 10.0,
    "tau2": 5.007424978906178,
    "xmin2": 1056.0,
    "tau1-fixed": 2.4542141649924716,
    "xmin1-fixed": 10.0,
    "tau2-fixed": 2.0289036847018718,
    "xmin2-fixed": 455.0
}