{
    "node-count": 3000000,
    "edge-count": 55104605,
    "isolate-count": 0,
    "num-connected-components": 1,
    "max-connected-components": 3000000,
    "min-degree": 18,
    "max-degree": 999,
    "mean-degree": 36.736403333333335,
    "median-degree": 26.0,
    "num-clusters": 1318307,
    "min-cluster-size": 2,
    "max-cluster-size": 42,
    "mean-cluster-size": 2.275645961069766,
    "median-cluster-size": 2.0,
    "num-singletons": 0,
    "num-non-singletons": 1318307,
    "modularity-score": 0.039156136895415077,
    "node-coverage": 1.0,
    "mixing-parameter": 0.9554825957133939,
    "tau1": 2.9779536120442405,
    "xmin1": 19.0,
    "tau2": 5.496324456773024,
    "xmin2": 9.0,
    "tau1-fixed": 2.7820778823722154,
    "xmin1-fixed": 18.0,
    "tau2-fixed": 3.725640042838381,
    "xmin2-fixed": 2.0
}