{
    "node-count": 1993,
    "edge-count": 6843,
    "isolate-count": 0,
    "num-connected-components": 1,
    "max-connected-components": 1993,
    "min-degree": 1,
    "max-degree": 100,
    "mean-degree": 6.86703462117411,
    "median-degree": 6.0,
    "num-clusters": 1007,
    "min-cluster-size": 1,
    "max-cluster-size": 96,
    "mean-cluster-size": 1.9791459781529295,
    "median-cluster-size": 1.0,
    "num-singletons": 993,
    "num-non-singletons": 14,
    "modularity-score": 0.49944131171974315,
    "node-coverage": 0.5017561465127948,
    "mixing-parameter": 0.5706246200025835,
    "tau1": 3.858415818171343,
    "xmin1": 7.0,
    "tau2": 2.3296050422428696,
    "xmin2": 1.0,
    "tau1-fixed": 1.4043178300442682,
    "xmin1-fixed": 1.0,
    "tau2-fixed": 2.3296050422428696,
    "xmin2-fixed": 1.0
}