{
    "node-count": 1665,
    "edge-count": 4776,
    "isolate-count": 0,
    "num-connected-components": 127,
    "max-connected-components": 1001,
    "min-degree": 1,
    "max-degree": 100,
    "mean-degree": 5.736936936936937,
    "median-degree": 5.0,
    "num-clusters": 679,
    "min-cluster-size": 1,
    "max-cluster-size": 96,
    "mean-cluster-size": 2.452135493372607,
    "median-cluster-size": 1.0,
    "num-singletons": 665,
    "num-non-singletons": 14,
    "modularity-score": 0.6968673981296768,
    "node-coverage": 0.6006006006006006,
    "mixing-parameter": 0.486038959558648,
    "tau1": 3.6330686961414633,
    "xmin1": 8.0,
    "tau2": 2.2810946327112074,
    "xmin2": 1.0,
    "tau1-fixed": 1.4878909874689406,
    "xmin1-fixed": 1.0,
    "tau2-fixed": 2.2810946327112074,
    "xmin2-fixed": 1.0
}