{
    "node-count": 2000,
    "edge-count": 53917,
    "isolate-count": 0,
    "num-connected-components": 1,
    "max-connected-components": 2000,
    "min-degree": 4,
    "max-degree": 127,
    "mean-degree": 53.917,
    "median-degree": 75.0,
    "num-clusters": 1014,
    "min-cluster-size": 1,
    "max-cluster-size": 96,
    "mean-cluster-size": 1.9723865877712032,
    "median-cluster-size": 1.0,
    "num-singletons": 1000,
    "num-non-singletons": 14,
    "modularity-score": 0.06594007134374961,
    "node-coverage": 0.5,
    "mixing-parameter": 0.5721274338325745,
    "tau1": 8.042695265644284,
    "xmin1": 88.0,
    "tau2": 2.3303249344562977,
    "xmin2": 1.0,
    "tau1-fixed": 1.4880436086435007,
    "xmin1-fixed": 4.0,
    "tau2-fixed": 2.3303249344562977,
    "xmin2-fixed": 1.0
}